Name,Geography,Segment,Rate,Role,Company,Screener Responses,Availability
Konstantinos Michail Servis,,konstantinos.servis@dialecticanet.com,,,,None,
CoreNet Global Benelux Chapter,#73 Markus Laub,Chair/board member,,Now,Jan '23,None,
NORDSEE GmbH,,Operational Excellence Manager,,Mar '26,Jun '25,"Q: 1) Role & involvement
A: I am involved in the day-to-day operational management and optimization of IWMS and related enterprise systems, including Axxerion for facilities and maintenance workflows. I also support process alignment, data consistency, and coordination between operations, finance, and technical teams.
Q: 2) Type of solution used
A: We use a combination of integrated and best-of-breed solutions across IWMS, workforce management, ERP, and analytics. Key tools include Axxerion for facility/asset management, E2N for workforce scheduling, SAP/Oracle for ERP processes, and Power BI for reporting.",
Crypto Valley Association,Europe,Nov '24 - Now,,Now,Nov '24,None,
FC Twente,,ICT Sourcing,,Now,Jan '21,None,
Waser Works AG,Terms of Use,"Mitinhaber und Verwaltungsrat / Co-owner, Member of the board of directors",,Now,Jun '18,None,
